email,password,firstName,lastName,role,isActive,createdAt,updatedAt
hduncan0@addtoany.com,password123,Heall,Duncan,user,true,"{""$date"":""2025-02-03T17:32:16.000Z""}","{""$date"":""2025-05-31T02:49:10.000Z""}"
fberdale1@yellowpages.com,password123,Ferdinand,Berdale,user,true,"{""$date"":""2025-09-21T21:53:33.000Z""}","{""$date"":""2025-03-22T15:03:36.000Z""}"
bitschakov2@va.gov,password123,Brooke,Itschakov,user,true,"{""$date"":""2025-01-18T20:11:32.000Z""}","{""$date"":""2025-06-28T15:32:59.000Z""}"
mlefleming3@pagesperso-orange.fr,password123,Marielle,Le Fleming,user,true,"{""$date"":""2025-04-03T15:50:10.000Z""}","{""$date"":""2025-05-13T23:55:54.000Z""}"
tmacaless4@chronoengine.com,password123,Tull,MacAless,user,true,"{""$date"":""2025-05-16T22:37:01.000Z""}","{""$date"":""2025-08-11T07:00:14.000Z""}"
agimert5@squidoo.com,password123,Amara,Gimert,user,false,"{""$date"":""2024-12-28T17:28:17.000Z""}","{""$date"":""2025-02-17T02:27:40.000Z""}"
cselway6@so-net.ne.jp,password123,Carmen,Selway,user,false,"{""$date"":""2025-10-05T00:19:56.000Z""}","{""$date"":""2025-01-03T10:54:27.000Z""}"
gpadly7@ameblo.jp,password123,Gian,Padly,user,false,"{""$date"":""2025-01-13T20:23:53.000Z""}","{""$date"":""2025-06-28T18:42:20.000Z""}"
cacreman8@icio.us,password123,Coretta,Acreman,user,true,"{""$date"":""2025-02-26T02:28:08.000Z""}","{""$date"":""2025-10-04T16:36:02.000Z""}"
scopello9@noaa.gov,password123,Sabina,Copello,user,true,"{""$date"":""2025-04-04T09:04:22.000Z""}","{""$date"":""2025-08-16T13:00:44.000Z""}"
spinnicka@linkedin.com,password123,Sascha,Pinnick,user,false,"{""$date"":""2025-01-14T15:23:13.000Z""}","{""$date"":""2025-03-20T13:16:02.000Z""}"
cjesperb@answers.com,password123,Carin,Jesper,user,true,"{""$date"":""2025-04-04T01:07:22.000Z""}","{""$date"":""2025-01-10T21:58:42.000Z""}"
scattrellc@independent.co.uk,password123,Steffen,Cattrell,user,false,"{""$date"":""2025-06-04T10:52:44.000Z""}","{""$date"":""2025-11-07T03:46:55.000Z""}"
jmcgeacheyd@archive.org,password123,Junina,McGeachey,user,true,"{""$date"":""2025-07-21T20:16:37.000Z""}","{""$date"":""2025-10-16T01:41:50.000Z""}"
rcroneye@vimeo.com,password123,Rhody,Croney,user,true,"{""$date"":""2025-10-11T18:49:17.000Z""}","{""$date"":""2025-06-19T14:34:42.000Z""}"
mibanezf@wsj.com,password123,Marinna,Ibanez,user,false,"{""$date"":""2025-06-27T07:18:36.000Z""}","{""$date"":""2025-02-28T09:48:10.000Z""}"
rmainsg@go.com,password123,Rubin,Mains,user,true,"{""$date"":""2025-11-28T05:00:14.000Z""}","{""$date"":""2025-06-02T09:34:19.000Z""}"
jsurfleeth@aol.com,password123,Jess,Surfleet,user,false,"{""$date"":""2025-04-03T23:01:30.000Z""}","{""$date"":""2025-03-27T00:00:28.000Z""}"
fgraberti@shutterfly.com,password123,Ferrel,Grabert,user,false,"{""$date"":""2025-01-28T09:45:16.000Z""}","{""$date"":""2025-07-07T02:42:31.000Z""}"
hdufferj@w3.org,password123,Hyacinthia,Duffer,user,false,"{""$date"":""2025-04-27T14:27:10.000Z""}","{""$date"":""2025-09-08T02:00:38.000Z""}"
rakhurstk@desdev.cn,password123,Ranique,Akhurst,user,false,"{""$date"":""2025-09-07T00:03:01.000Z""}","{""$date"":""2024-12-16T01:23:54.000Z""}"
chansardl@tripod.com,password123,Cody,Hansard,user,true,"{""$date"":""2025-10-10T22:58:20.000Z""}","{""$date"":""2025-10-25T19:11:53.000Z""}"
pbruinsm@shareasale.com,password123,Petronille,Bruins,user,true,"{""$date"":""2025-06-16T07:20:01.000Z""}","{""$date"":""2025-07-06T21:34:33.000Z""}"
edoblinn@goo.gl,password123,Ernesta,Doblin,user,true,"{""$date"":""2025-09-23T11:24:50.000Z""}","{""$date"":""2025-06-20T22:55:24.000Z""}"
nhuffadineo@vistaprint.com,password123,Natalee,Huffadine,user,false,"{""$date"":""2024-12-08T10:36:39.000Z""}","{""$date"":""2025-03-03T17:42:57.000Z""}"
areutherp@facebook.com,password123,Ardeen,Reuther,user,false,"{""$date"":""2024-12-07T11:23:36.000Z""}","{""$date"":""2025-03-05T17:45:58.000Z""}"
heasterbrookq@nydailynews.com,password123,Hesther,Easterbrook,user,false,"{""$date"":""2025-10-07T20:33:39.000Z""}","{""$date"":""2024-12-02T02:20:41.000Z""}"
elittlerr@engadget.com,password123,Esdras,Littler,user,true,"{""$date"":""2025-06-20T13:32:38.000Z""}","{""$date"":""2025-09-19T23:48:41.000Z""}"
itosneys@pagesperso-orange.fr,password123,Iseabal,Tosney,user,false,"{""$date"":""2025-01-30T09:46:01.000Z""}","{""$date"":""2025-04-23T18:56:18.000Z""}"
lskedget@so-net.ne.jp,password123,Lacee,Skedge,user,false,"{""$date"":""2025-01-07T22:17:44.000Z""}","{""$date"":""2024-12-15T13:06:43.000Z""}"
dbottleu@angelfire.com,password123,Denni,Bottle,user,false,"{""$date"":""2025-08-15T04:51:55.000Z""}","{""$date"":""2025-10-31T17:32:45.000Z""}"
fleflemingv@purevolume.com,password123,Filmore,Le Fleming,user,true,"{""$date"":""2025-01-15T00:21:04.000Z""}","{""$date"":""2025-10-02T06:36:48.000Z""}"
larnaow@mashable.com,password123,Lethia,Arnao,user,false,"{""$date"":""2024-12-09T07:59:41.000Z""}","{""$date"":""2025-03-06T09:55:47.000Z""}"
maddionisiox@slashdot.org,password123,Marquita,Addionisio,user,false,"{""$date"":""2025-07-14T16:19:58.000Z""}","{""$date"":""2024-12-14T04:45:47.000Z""}"
dwallesy@wp.com,password123,Dinnie,Walles,user,false,"{""$date"":""2024-11-30T02:53:31.000Z""}","{""$date"":""2025-06-19T02:01:19.000Z""}"
btunyz@bizjournals.com,password123,Benito,Tuny,user,true,"{""$date"":""2025-02-04T14:25:10.000Z""}","{""$date"":""2025-05-13T17:16:13.000Z""}"
tketley10@desdev.cn,password123,Terza,Ketley,user,false,"{""$date"":""2025-04-29T22:14:17.000Z""}","{""$date"":""2025-07-31T10:07:50.000Z""}"
acarletto11@yahoo.com,password123,Anthony,Carletto,user,false,"{""$date"":""2024-12-06T01:06:08.000Z""}","{""$date"":""2025-09-21T11:37:03.000Z""}"
obrownhill12@printfriendly.com,password123,Olympie,Brownhill,user,true,"{""$date"":""2025-06-12T09:52:21.000Z""}","{""$date"":""2025-05-17T07:30:01.000Z""}"
mhoundesome13@quantcast.com,password123,Milka,Houndesome,user,true,"{""$date"":""2025-05-21T02:49:57.000Z""}","{""$date"":""2025-02-12T15:19:15.000Z""}"
trallings14@paypal.com,password123,Tony,Rallings,user,true,"{""$date"":""2025-02-19T09:39:43.000Z""}","{""$date"":""2025-02-12T02:03:03.000Z""}"
shammerson15@sfgate.com,password123,Selia,Hammerson,user,true,"{""$date"":""2025-11-12T13:14:02.000Z""}","{""$date"":""2025-06-19T15:24:21.000Z""}"
neagers16@flickr.com,password123,Nickey,Eagers,user,true,"{""$date"":""2025-06-03T01:30:26.000Z""}","{""$date"":""2025-02-14T20:55:17.000Z""}"
lgawke17@chicagotribune.com,password123,Lark,Gawke,admin,true,"{""$date"":""2025-07-26T01:52:56.000Z""}","{""$date"":""2025-01-03T05:09:04.000Z""}"
eesposi18@cmu.edu,password123,Elinore,Esposi,user,true,"{""$date"":""2025-05-21T16:06:52.000Z""}","{""$date"":""2025-03-26T06:35:42.000Z""}"
ccornelisse19@weibo.com,password123,Cathrin,Cornelisse,admin,false,"{""$date"":""2025-11-24T14:19:16.000Z""}","{""$date"":""2025-11-03T16:01:20.000Z""}"
lthompsett1a@gizmodo.com,password123,Lynnet,Thompsett,user,false,"{""$date"":""2025-08-12T03:30:30.000Z""}","{""$date"":""2025-01-21T19:16:46.000Z""}"
kstandall1b@cam.ac.uk,password123,Kristos,Standall,user,false,"{""$date"":""2025-02-03T08:16:06.000Z""}","{""$date"":""2025-03-03T11:48:04.000Z""}"
rscotchford1c@t.co,password123,Rana,Scotchford,user,true,"{""$date"":""2025-04-18T00:28:56.000Z""}","{""$date"":""2025-07-01T08:02:33.000Z""}"
gcomoletti1d@yahoo.co.jp,password123,Gracie,Comoletti,user,false,"{""$date"":""2025-10-03T02:43:46.000Z""}","{""$date"":""2025-07-09T08:39:11.000Z""}"
gsalzberger1e@china.com.cn,password123,Gwyn,Salzberger,user,true,"{""$date"":""2025-01-13T04:19:06.000Z""}","{""$date"":""2025-05-31T22:58:24.000Z""}"
jsconce1f@usgs.gov,password123,Jackson,Sconce,user,false,"{""$date"":""2025-06-16T02:23:22.000Z""}","{""$date"":""2025-07-25T00:54:33.000Z""}"
dthowes1g@zdnet.com,password123,Dulsea,Thowes,user,false,"{""$date"":""2025-02-01T16:15:01.000Z""}","{""$date"":""2025-10-27T17:57:00.000Z""}"
gelloy1h@columbia.edu,password123,Glyn,Elloy,user,false,"{""$date"":""2024-12-17T00:33:45.000Z""}","{""$date"":""2025-06-28T17:06:09.000Z""}"
vparrish1i@yahoo.com,password123,Veronica,Parrish,admin,true,"{""$date"":""2025-02-25T22:07:38.000Z""}","{""$date"":""2025-04-02T02:27:41.000Z""}"
atineman1j@boston.com,password123,Alvera,Tineman,user,true,"{""$date"":""2025-04-26T08:39:17.000Z""}","{""$date"":""2025-06-19T06:43:07.000Z""}"
scurneen1k@technorati.com,password123,Shirlene,Curneen,user,false,"{""$date"":""2024-12-13T04:48:35.000Z""}","{""$date"":""2025-09-12T05:08:33.000Z""}"
wscocroft1l@time.com,password123,Worthington,Scocroft,user,false,"{""$date"":""2025-09-13T21:57:38.000Z""}","{""$date"":""2025-10-28T11:00:48.000Z""}"
aklimschak1m@phoca.cz,password123,Angy,Klimschak,user,false,"{""$date"":""2024-12-10T00:40:14.000Z""}","{""$date"":""2025-05-22T15:12:56.000Z""}"
lcoram1n@washington.edu,password123,Laurence,Coram,user,true,"{""$date"":""2025-04-16T07:41:35.000Z""}","{""$date"":""2025-06-28T11:26:55.000Z""}"
efink1o@nasa.gov,password123,Edith,Fink,user,false,"{""$date"":""2025-07-06T03:29:54.000Z""}","{""$date"":""2025-09-05T10:31:48.000Z""}"
dchristoffe1p@gnu.org,password123,Doralin,Christoffe,user,true,"{""$date"":""2025-08-13T06:55:24.000Z""}","{""$date"":""2025-06-28T10:35:34.000Z""}"
kvandenoord1q@list-manage.com,password123,Kele,Van den Oord,"",false,"{""$date"":""2025-04-05T21:28:40.000Z""}","{""$date"":""2025-07-22T22:11:07.000Z""}"
cridgley1r@goo.gl,password123,Chev,Ridgley,user,true,"{""$date"":""2025-03-29T04:19:02.000Z""}","{""$date"":""2025-07-23T23:35:48.000Z""}"
dbolesma1s@mapquest.com,password123,Desiree,Bolesma,user,false,"{""$date"":""2025-03-17T02:14:37.000Z""}","{""$date"":""2025-01-27T18:08:19.000Z""}"
rantliff1t@facebook.com,password123,Rosella,Antliff,user,true,"{""$date"":""2025-03-26T14:15:40.000Z""}","{""$date"":""2024-12-26T18:03:27.000Z""}"
mseaking1u@scientificamerican.com,password123,Micheal,Seaking,user,true,"{""$date"":""2025-08-22T19:20:02.000Z""}","{""$date"":""2024-12-26T09:34:27.000Z""}"
gparvin1v@digg.com,password123,Gibby,Parvin,user,true,"{""$date"":""2025-07-08T07:03:13.000Z""}","{""$date"":""2025-07-05T08:57:05.000Z""}"
vbenoey1w@nydailynews.com,password123,Vivi,Benoey,user,false,"{""$date"":""2025-07-13T02:21:46.000Z""}","{""$date"":""2025-10-31T19:46:12.000Z""}"
mhatchard1x@artisteer.com,password123,Myrtia,Hatchard,user,false,"{""$date"":""2025-01-15T18:55:11.000Z""}","{""$date"":""2025-06-21T20:31:13.000Z""}"
kjacobowitz1y@live.com,password123,Kort,Jacobowitz,user,true,"{""$date"":""2025-09-03T13:25:29.000Z""}","{""$date"":""2025-10-28T12:11:12.000Z""}"
mgolightly1z@arstechnica.com,password123,Merissa,Golightly,user,true,"{""$date"":""2025-11-01T04:11:05.000Z""}","{""$date"":""2025-10-27T21:19:24.000Z""}"
kleifer20@multiply.com,password123,Kylie,Leifer,user,true,"{""$date"":""2025-01-08T20:40:33.000Z""}","{""$date"":""2025-06-16T09:32:09.000Z""}"
bmarsie21@china.com.cn,password123,Bald,Marsie,user,true,"{""$date"":""2025-06-27T06:21:53.000Z""}","{""$date"":""2025-10-24T08:37:41.000Z""}"
dbaudinelli22@cpanel.net,password123,Denna,Baudinelli,user,false,"{""$date"":""2025-05-10T02:21:15.000Z""}","{""$date"":""2025-05-06T06:08:19.000Z""}"
dbarniss23@twitpic.com,password123,Dorree,Barniss,user,false,"{""$date"":""2025-10-16T21:39:49.000Z""}","{""$date"":""2025-03-23T07:30:38.000Z""}"
rjacmard24@feedburner.com,password123,Robinette,Jacmard,user,true,"{""$date"":""2025-09-30T10:23:27.000Z""}","{""$date"":""2024-12-13T09:49:22.000Z""}"
jdecker25@privacy.gov.au,password123,Jessa,Decker,user,false,"{""$date"":""2025-09-26T08:14:35.000Z""}","{""$date"":""2025-10-02T08:02:38.000Z""}"
lhawyes26@delicious.com,password123,Leonelle,Hawyes,user,false,"{""$date"":""2025-01-04T09:37:35.000Z""}","{""$date"":""2025-08-18T06:55:25.000Z""}"
bsodo27@youtu.be,password123,Bart,Sodo,user,true,"{""$date"":""2024-12-31T19:42:35.000Z""}","{""$date"":""2025-11-27T01:23:21.000Z""}"
bdehmel28@china.com.cn,password123,Bernarr,Dehmel,user,false,"{""$date"":""2025-09-21T14:31:21.000Z""}","{""$date"":""2025-09-14T16:19:47.000Z""}"
spealing29@dailymotion.com,password123,Sharlene,Pealing,user,false,"{""$date"":""2025-10-21T16:31:51.000Z""}","{""$date"":""2024-12-12T08:27:02.000Z""}"
bmattes2a@tiny.cc,"",Blakeley,Mattes,user,true,"{""$date"":""2025-09-15T10:08:35.000Z""}","{""$date"":""2025-09-18T15:14:29.000Z""}"
hkendle2b@163.com,password123,Hoyt,Kendle,user,false,"{""$date"":""2025-09-20T10:59:31.000Z""}","{""$date"":""2025-08-29T15:31:56.000Z""}"
rdownes2c@businessinsider.com,password123,Ruthe,Downes,user,false,"{""$date"":""2025-10-14T23:22:38.000Z""}","{""$date"":""2025-01-09T23:09:18.000Z""}"
kchapellow2d@biglobe.ne.jp,password123,Katya,Chapellow,user,true,"{""$date"":""2025-03-27T05:14:02.000Z""}","{""$date"":""2025-05-17T17:08:59.000Z""}"
aklisch2e@addthis.com,password123,Adrian,Klisch,user,true,"{""$date"":""2025-02-28T06:25:07.000Z""}","{""$date"":""2025-05-24T10:46:27.000Z""}"
fvallintine2f@tinyurl.com,password123,Francklyn,Vallintine,admin,true,"{""$date"":""2025-05-28T06:07:04.000Z""}","{""$date"":""2025-10-24T05:15:39.000Z""}"
batcock2g@xinhuanet.com,password123,Briano,Atcock,user,true,"{""$date"":""2025-09-23T02:51:06.000Z""}","{""$date"":""2025-10-08T14:33:52.000Z""}"
vminall2h@ucoz.com,password123,Vita,Minall,user,true,"{""$date"":""2025-09-04T01:50:33.000Z""}","{""$date"":""2025-08-22T02:47:27.000Z""}"
fhellewell2i@edublogs.org,password123,Fraze,Hellewell,user,true,"{""$date"":""2025-05-13T15:21:06.000Z""}","{""$date"":""2024-12-27T04:08:55.000Z""}"
ctruder2j@hostgator.com,password123,Conney,Truder,user,false,"{""$date"":""2025-05-18T23:00:18.000Z""}","{""$date"":""2025-06-25T01:10:43.000Z""}"
jbowker2k@weather.com,password123,Jamie,Bowker,user,true,"{""$date"":""2025-05-11T12:45:14.000Z""}","{""$date"":""2025-04-24T11:16:32.000Z""}"
ablaxeland2l@indiegogo.com,password123,Annalise,Blaxeland,user,false,"{""$date"":""2025-10-28T04:48:41.000Z""}","{""$date"":""2025-03-11T00:12:32.000Z""}"
hemney2m@de.vu,password123,Hollyanne,Emney,user,false,"{""$date"":""2025-09-01T15:07:52.000Z""}","{""$date"":""2025-04-05T17:31:33.000Z""}"
klarkins2n@reference.com,password123,Karine,Larkins,user,false,"{""$date"":""2025-11-18T03:11:40.000Z""}","{""$date"":""2025-01-19T09:02:51.000Z""}"
fseller2o@europa.eu,password123,Farah,Seller,user,false,"{""$date"":""2025-05-01T19:34:09.000Z""}","{""$date"":""2025-06-02T19:18:38.000Z""}"
seake2p@delicious.com,password123,Skipp,Eake,user,false,"{""$date"":""2025-03-07T09:49:41.000Z""}","{""$date"":""2024-12-20T17:49:20.000Z""}"
mpudner2q@marriott.com,password123,Maria,Pudner,user,false,"{""$date"":""2025-06-27T02:23:46.000Z""}","{""$date"":""2025-01-04T12:31:47.000Z""}"
habbatucci2r@behance.net,password123,Hillery,Abbatucci,user,true,"{""$date"":""2024-11-30T17:37:05.000Z""}","{""$date"":""2025-04-26T17:38:08.000Z""}"
